std_bin,n_weeks,hit_rate,mean_std,mean_cv
"(0.00351, 0.00771]",53,0.9433962264150944,0.00643379831149166,0.11199949037505966
"(0.00771, 0.0109]",53,0.8867924528301887,0.008974232976137229,0.13254706122226284
"(0.0109, 0.0168]",52,0.9423076923076923,0.013630521511835718,0.174008127261836
"(0.0168, 0.0348]",53,0.9433962264150944,0.025295133769033064,0.257066083382074
"(0.0348, 0.0952]",53,0.9245283018867925,0.05602094932008527,0.39586624947060206
